,Country,2006,2007,2008,2009,2010,2011,2012,2013,2014,2015
0,Aruba,,,,,2467703910.61453,,,,,
1,Andorra,4018195653.51015,4021331428.40105,3675727910.50681,3535389132.6024103,3346317328.52461,3185604581.52029,3129537611.8862,3127549907.58377,,
2,Afghanistan,10305228125.1392,11721187594.2052,12144482858.18,14697331940.6464,15936800636.2487,16911126453.2276,19352203805.6294,19731337260.6378,19990317160.6756,20294152243.0072
3,Angola,55811028114.6479,68420444001.4995,77874196512.1845,79753199398.1396,82470913120.7314,85702615836.4404,90120963241.2186,96261432368.2645,100886286610.95801,103910558934.02
4,Albania,9771760095.12554,10348293941.5853,11127520474.2981,11500292411.1744,11926953258.916,12231090567.6672,12404772053.5014,12542465022.373001,12793314322.8205,13120823169.4847
5,Arab World,1763823829113.09,1863481356326.67,1980983302945.67,2011001139577.91,2103824906396.06,2173896465634.17,2318266914690.42,2385579629422.56,2436659330416.81,2509068276527.7
6,United Arab Emirates,278948949835.963,287831772785.526,297018891707.595,281446423169.57697,286049336038.12103,300946210244.793,321692225022.966,335593704978.687,350931309582.38,362100323851.568
7,Argentina,378814002617.524,408988709469.622,421564889399.94,421775774944.173,461640242696.171,500355477549.572,504367128523.16,518919894963.108,521273744038.474,
8,Armenia,8679746345.9219,9873142200.518791,10554389012.5207,9060944166.218409,9260284937.79781,9695518329.74637,10393595649.8063,10736584306.437,11112364757.0387,11445735699.8896
9,American Samoa,,,,,,,,,,
10,Antigua and Barbuda,1268714285.47719,1389228751.06647,1390216645.80882,1222889960.98576,1135539037.03704,1115173875.6545901,1159998756.1628098,1155982145.44651,1211723376.69427,1256122384.1201901
11,Australia,1021939264106.67,1060340245233.55,1099643871866.03,1119653852349.08,1142250506474.06,1169431057881.91,1211913217353.49,1241484494446.53,1272519759757.29,1301251030445.66
12,Austria,378209615894.04,391906516556.291,397970344370.861,382851152317.88104,390235099337.748,401192900662.252,404231192052.98,405529788079.47,406963218543.046,410471668874.17206
13,Azerbaijan,33290473786.6938,41629404406.7868,46113899018.7892,50453518392.5171,52902703376.1056,52937578302.4383,54102205124.8452,57238335961.2495,58383102680.4744,59025316809.9597
14,Burundi,1714698065.64965,1796760633.5367699,1887463244.56885,1952928499.631,2026864469.3638802,2111823040.9798698,2196704928.3332896,2297622743.75537,2404713060.02967,2343732767.75106
15,Belgium,462608115496.68896,478325096291.391,481898678410.596,470887876688.742,483577483443.709,492266586887.41705,493047601589.404,493062669403.97296,499450164900.66205,506312296423.841
16,Benin,6000595826.41589,6359822426.97484,6671033590.82541,6825749997.99683,6970240895.498879,7176751732.08258,7509969971.09116,8026580503.0831,8551638195.2367,8999782271.18152
17,Burkina Faso,7094394431.219541,7495582799.41617,8042347948.05677,8280563450.07509,8979966766.07232,9565619495.08764,10182857809.2713,10554461357.0479,10981684424.9942,11418705176.3523
18,Bangladesh,91588846353.8372,98053769823.2911,103950517391.466,109194950718.059,115279077465.226,122731159566.449,130734992458.51,138596866823.802,146997351891.58,156629549345.307
19,Bulgaria,45809428049.2757,49325462298.6327,52110873832.4083,49911937186.95,49939168133.207,50730191552.7278,50850459591.1737,51502304047.6513,52300589760.3899,53852419114.6609
20,Bahrain,20889606053.0421,22621864899.6304,24034629395.827003,24645054296.3673,25713271276.5957,26253297313.7808,27195450594.6122,28667523540.1032,29952096679.5289,30828664921.8132
21,"Bahamas, The",8203865379.27694,8322536114.50224,8129125597.76819,7789713535.38155,7909580000.0,7958058021.133221,8134513074.47411,8136305123.69382,8219522121.942491,8319840041.456341
22,Bosnia and Herzegovina,15723650301.0536,16624420020.5733,17535688926.8898,17032435501.0692,17163117551.4626,17319001218.8516,17157382446.0436,17568163106.0508,17758228834.331,18318958459.1561
23,Belarus,42740979973.2051,46416704250.96,51151208084.6036,51253510500.7953,55220932613.958,58282221784.1466,59291315056.9118,59927867090.4525,60960475780.0875,58590516276.18
24,Belize,1285311893.01829,1299522123.00025,1341485008.97861,1352206184.12149,1397113450.0,1426483827.61776,1479846067.46726,1499279704.46173,1560479049.97629,1590416619.18404
25,Bermuda,5932559093.07918,6101393205.83452,6194616021.02816,5867281536.74729,5744414000.0,5552579615.57093,5284137923.53055,5151445059.9242,,
26,Bolivia,16449574691.7853,17200396431.0132,18257962323.1053,18870882348.149,19649631308.1648,20672216340.1924,21731104039.6498,23207952413.94,24475238843.5128,25444881251.3693
27,Brazil,1845079664513.56,1957118136056.33,2056809174052.93,2054214562458.19,2208872214643.02,2295244758549.53,2339209222185.09,2409739667075.82,2412230647720.45,2319423390494.13
28,Barbados,4522425774.134789,4599351548.26958,4619595173.04189,4433353825.13661,4445500000.0,4477889799.6357,4490035974.49909,4490035974.49909,4498133424.4080105,4542669398.9071
29,Brunei Darussalam,12497296363.2248,12516614866.4351,12273828272.036001,12057252187.3978,12370616061.6062,12794905737.0044,12916246822.0331,12689959273.619,12393014247.5012,12331049176.2637
30,Bhutan,1076852655.51349,1269887377.45454,1330440105.8777301,1419010481.1982,1585472534.10547,1710580806.57351,1797336501.23336,1835844373.82886,1936059764.3347898,1999064080.96347
31,Botswana,11086672844.5933,12004665708.2265,12754011016.812,11778034530.5401,12786662034.8563,13560039807.5122,14164338408.1026,15560983628.0818,16059544331.1042,16018635343.3957
32,Central African Republic,1774984666.3444,1856768185.03737,1894908553.51862,1927296727.82367,1986014845.6318398,2051568026.22204,2111033559.14343,1329698727.92454,1312982972.33268,1385019239.00865
33,Canada,1564468853329.45,1596739898466.32,1612713061250.24,1565144676082.31,1613406134731.12,1664086754804.89,1693132927878.08,1730687770724.13,1773485821199.77,1792608764608.81
34,Central Europe and the Baltics,1210990630335.64,1289104463548.13,1336368300813.72,1286232428807.55,1311611412790.09,1352415744655.75,1359737397262.39,1377043690219.52,1415218150925.28,1463304745213.88
35,Switzerland,541555032026.081,563977296960.3989,576820414037.7789,564536339725.765,581211708792.789,591699987438.8729,598354418927.989,608938294755.01,620444043436.571,626087832006.9039
36,Channel Islands,,,,,,,,,,
37,Chile,191356021768.11102,201231572326.413,207857031084.45398,205702734759.52,217538271334.738,230241724512.103,242806316136.39102,252461742875.727,257198923398.34,262513014570.225
38,China,3992331462570.89,4559041383517.93,4997775145605.96,5459247267275.14,6039658508485.59,6612490294273.65,7124977970399.61,7672447738017.42,8230120617793.52,8797998940421.28
39,Cote d'Ivoire,22638811513.3749,23038394863.9785,23624224724.0402,24392355457.3384,24884505034.5564,23792758395.8868,26340131049.779,28768316766.142998,31226991710.1366,33863084782.32
40,Cameroon,21124441590.6486,21812182534.8566,22441255963.7758,22874787499.6787,23622483983.7101,24600594629.4999,25729451635.8197,27160443492.9778,28770233461.5751,30565262485.9559
41,"Congo, Rep.",9888362511.04569,9731906589.75001,10274194133.9768,11041561162.6459,12007880590.4575,12418624707.9932,12890531931.9739,13334057140.8064,14238098341.6268,14614902201.2204
42,Colombia,245336908226.293,262266694764.28897,271568782707.966,276053874889.224,287018184637.529,305931280966.003,318302970054.38,333817265555.82,348457525761.04803,359196735931.90704
43,Comoros,490258556.91160303,494181374.477147,496159418.72392404,505834527.27892804,516962886.786662,530403922.298966,546316039.8190651,565437101.179365,577094375.6296201,
44,Cabo Verde,1352563536.3517401,1557756730.02791,1661355661.05055,1640249737.6851,1664310769.55229,1730363665.95202,1749084787.29586,1767366991.4853399,1816850559.6912,1862691670.4429102
45,Costa Rica,31510279610.9643,34010727595.24,34939771575.7626,34584881725.6978,36298327620.1953,37938194036.3072,39898681617.7936,41270108615.7383,42715533185.6795,43893390015.9922
46,Caribbean small states,58970275398.9102,60881634365.7894,61723406237.6828,59521234617.5624,59631444333.2797,60326538371.7571,61047983682.0753,61848825594.2088,62641990817.5975,63470247399.8132
47,Cuba,55454307107.077,59481474880.5381,61930224928.5733,62827666170.9786,64328200000.0,66131296503.7544,68124752000.1304,69954605014.68599,,
48,Curacao,,,,,,,,,,
49,Cayman Islands,,,,,,,,,,
50,Cyprus,23374254602.0531,24527557385.1203,25423474625.8826,24907637951.7318,25247424010.9811,25349522711.7286,24728953808.3929,23260282189.2759,22679459775.8242,23039202804.9079
51,Czech Republic,196206259195.845,207055025839.996,212668195598.561,202371258174.811,207015860050.371,211087060104.82602,209186629176.41898,208081766439.945,212197944319.65198,221106119392.82602
52,Germany,3332890754966.89,3441560834437.09,3478809377483.44,3283339933774.83,3417298013245.03,3542371125827.81,3556723774834.44,3567317390728.48,3624386278145.7,3685555907284.77
53,Djibouti,933783907.5461061,981407460.056192,1038328725.8753,1090583938.28285,1128611700.3618,1179032592.01788,1236125825.40744,1297930970.22735,1375809350.63202,
54,Dominica,435815497.239283,463519138.904398,496184626.83789295,490395806.19145095,493703703.703704,493703703.703704,487501395.86823,490395806.19145095,509416216.886904,523474781.31397694
55,Denmark,331233619601.35803,333964367632.154,331566650664.106,314696751480.237,319810991980.93896,323495670418.378,323258476911.861,322470439714.799,326539713020.75,330388150993.04803
56,Dominican Republic,44040207628.7205,47772449977.7855,49274277961.9322,49735377436.7753,53864484468.2287,55383939355.4068,56840263481.204,59555944572.0708,63927874022.2013,68372979594.1545
57,Algeria,144647409920.555,149565421857.854,153154991982.442,155605471854.161,161207268840.911,165882279637.297,171522277144.965,176324900905.025,183025247139.415,190163231777.852
58,East Asia & Pacific,5449300171358.38,6110102320550.02,6623838400590.44,7123891314783.49,7820047724902.89,8480167403837.53,9110169022303.96,9760334110042.47,10416475622006.1,11089407058889.3
59,Early-demographic dividend,7167964405086.03,7627309301262.65,7910974658358.0,8023832467514.87,8545646445320.08,8994955534816.25,9368178130158.9,9726527510870.06,10093297181730.6,10517545316683.2
60,East Asia & Pacific,13879383396248.8,14811287692041.6,15341745572403.6,15544601023958.1,16673982045590.3,17427843028961.7,18250724960676.1,19074705086970.2,19836967026265.8,20607791912069.7
61,Europe & Central Asia,2747206323232.01,2957392078168.74,3086961547265.3,2897932204034.68,3053602710403.1,3216758391995.22,3308463586112.21,3394900641153.45,3447682801840.61,3425121260357.83
62,Europe & Central Asia,20298459440839.8,21053483623035.5,21267573853902.3,20310243971332.9,20831861081310.8,21306393651578.9,21333559599760.3,21461118234052.7,21763445394189.7,22086084634935.6
63,Ecuador,61468918471.6664,62815127109.2433,66808366776.0763,67186830556.6821,69555367000.0,75028081292.3641,79261137178.2611,82870352926.102,85915823595.2695,86165289702.3501
64,"Egypt, Arab Rep.",173312772191.837,185597209140.304,198871216255.072,208189218087.493,218888324504.75302,222864751906.045,227754133456.08398,232552285851.12,237735390300.773,247720276693.405
65,Euro area,12529680056916.4,12912554281700.1,12973943801744.7,12384632776390.0,12640394222574.8,12841980773529.6,12728845503959.3,12688043752705.3,12801853722990.4,13013964419700.0
66,Eritrea,2179437333.32658,2210534025.9850802,1994276818.2364302,2071584990.2117102,2117039512.1951199,2300794306.42964,,,,
67,Spain,1414822516556.29,1468145695364.24,1484529801324.5,1431475496688.74,1431672847682.12,1417354966887.42,1380215894039.73,1357139072847.68,1375605298013.24,1419821192052.98
68,Estonia,21893390728.4768,23589735099.3377,22311298013.245,19026092715.2318,19494662251.6556,20972966887.4172,22059907284.7682,22405761589.404,23056993377.4834,23303205298.0132
69,Ethiopia,19795942247.5789,22063798449.7811,24444156129.287003,26595865977.4424,29933790334.3418,33279878092.46,36157859262.3837,39984181570.2945,44094230373.9461,48330591494.5301
70,European Union,16754141422962.3,17276403101775.6,17363151052194.1,16600789791352.9,16946058883844.3,17244507452566.1,17162226695838.9,17194289053651.0,17427755815620.9,17767380879592.7
71,Fragile and conflict affected situations,520441603872.77203,546484290835.086,574420658022.674,598012593993.014,630598962658.835,587394689252.852,658187574915.969,678054655509.126,673773233682.935,687132107302.303
72,Finland,247590728476.821,260427814569.536,262304635761.589,240614569536.42398,247814569536.42398,254185430463.57602,250560264900.662,248660927152.318,246924503311.258,248272847682.119
73,Fiji,3087900695.98078,3061633357.19555,3093253731.5226603,3050380074.73233,3140508835.9485,3044714645.1164603,3094495436.84747,3260220628.45478,3486534533.8372602,3605758854.7063203
74,France,2607839735099.34,2669423841059.6,2674637086092.71,2595966887417.22,2646994701986.75,2702031788079.47,2706968211920.53,2722566887417.22,2729631788079.47,2761185430463.58
75,Faroe Islands,,,,,2301178416.00619,,,,,
76,"Micronesia, Fed. Sts.",297720587.14386296,291588505.129794,284124876.95172,286858031.417753,294117200.0,300148270.688121,301841613.331375,291091467.421,281185921.531364,
77,Gabon,13106978860.3736,13848696552.9606,13390522031.7449,13407974049.0581,14358584300.3006,15376859682.3653,16184310411.783,17096848843.9712,17834556863.8851,18522379317.4307
78,United Kingdom,2419630700401.73,2482203235475.9,2470614405284.3,2367047611711.99,2403504326328.8,2450911011124.85,2479808627472.19,2533370110012.36,2605643189894.93,2666333396477.13
79,Georgia,9903472455.26205,11125957083.2467,11383417007.1232,10953604844.0314,11638536890.5347,12479016519.7774,13271494210.7138,13721005522.6874,14355373148.9259,14753724431.5116
80,Ghana,24971353345.8208,26056812915.8501,28440958947.8913,29819138460.1109,32174772955.9748,36694042412.3186,40103840658.742004,43036444041.2994,44751818870.199005,46489399741.3134
81,Gibraltar,,,,,,,,,,
82,Guinea,4363170508.0501,4439861186.002,4659054145.11409,4645999834.78399,4735956493.06479,4921073734.73988,5115166393.893021,5232815181.98995,5253746369.5154295,5258999828.38809
83,"Gambia, The",766533358.521271,794366380.48455,839920448.1433719,894092762.494649,952429030.4155359,911201531.483016,964618263.859891,1010735774.3695401,1019604582.0613301,
84,Guinea-Bissau,737464300.630282,761097588.140336,785490084.5317731,811524428.350741,847491366.890874,926597014.655095,909936792.889118,917400753.4022712,940712595.528148,985836507.581695
85,Equatorial Guinea,11220063793.3147,12594765185.3024,13842701827.4488,13214974203.5352,12709498548.488998,12960593573.216002,13705469472.248999,12813586082.7027,12777156073.0929,11219128487.1481
86,Greece,321553555099.338,332080404503.31104,330967362119.205,316733337350.993,299379400264.901,272038594039.735,252178432980.132,244113162384.10602,245709620132.45,245140626622.517
87,Grenada,774430775.474869,822062784.995063,829864579.657853,774978091.9015031,771015888.888889,776912813.791643,767937177.52872,786001370.766791,830684137.656141,859018654.450385
88,Greenland,,,,,2287220565.1596,,,,,
89,Guatemala,36409421544.6181,38704692063.8681,39974623902.8469,40184907620.7582,41338008617.1119,43058516769.1373,44337293327.312004,45976702691.0182,47895848024.7646,49882943531.6821
90,Guam,,,,,,,,,,
91,Guyana,1919759428.27848,2054532557.6488302,2095143415.0007,2164673350.7761,2259288396.24467,2382128754.36652,2496863007.17268,2627239852.39885,2728149909.3828397,2810153023.4278
92,High income,43889285413778.0,45082253662378.8,45241965727914.0,43711677895782.8,45004571433225.8,45822328611954.5,46410990198104.8,46959687232818.8,47804691975246.6,48719375803820.3
93,Hong Kong,201916372094.71,214969758150.61102,219544022644.222,214145185396.96698,228637697575.04,239645861296.69,243720566257.35898,251208086226.16602,257775655510.28,263860579574.34802
94,Honduras,14139785190.6771,15014801358.9561,15650167709.792,15269613868.5127,15839344591.9842,16446892853.4328,17125933703.7093,17604014377.0727,18147136062.4235,18806832092.4349
95,Heavily indebted poor countries,370141265106.00397,394770598086.84796,418871026794.364,437668226204.349,463041658270.526,485563825521.791,513065937607.41296,542258371605.123,572510178724.16,600089614090.8579
96,Croatia,61088814230.6153,64234891205.4725,65553868300.4039,60713512917.076,59680624422.3702,59512765109.3403,58210965524.1422,57591646781.6468,57384066750.3548,58327812720.5909
97,Haiti,6523228358.6981,6741318083.4897,6798211055.17447,7007816740.328871,6622541528.56888,6988353355.27882,7189974061.95115,7495399488.89042,7705005174.044829,7832265768.6028595
98,Hungary,136467171196.018,137048275663.65302,138198584589.305,129134031548.04301,130093753005.675,132380152891.21901,130144390971.915,132603818055.20801,137473322008.75302,141513547177.07
99,IBRD only,15706015823818.6,17067381748765.6,18024258700934.3,18418926377680.2,19802516478849.9,21001833716042.0,22030423473152.9,23069445756926.3,24011569656503.6,24841406911974.4
100,IDA & IBRD total,16973935807565.4,18418433072266.8,19446379763241.7,19908832759428.4,21382172112681.3,22657525157176.7,23765101145191.9,24898848639487.2,25944966428493.2,26863824278136.7
101,IDA total,1270939314929.79,1353141364589.21,1424120218690.98,1493210734424.41,1582445092163.28,1657973990659.61,1736996692419.28,1832293691479.97,1937910302522.82,2027635208244.99
102,IDA blend,686229409346.005,728044694230.3041,763260853189.323,802728376068.952,851672684956.445,896205368021.057,940445925880.0,989736427045.418,1048143618028.7,1093273220752.24
103,Indonesia,602626661363.277,640863456970.63,679403085754.1421,710851779404.06,755094157594.527,801681837683.1329,850023658571.777,897261714696.7329,942339147749.082,987514144907.28
104,IDA only,580412514329.853,620804001159.9039,656668710237.39,685883500935.6011,725816940326.7991,756250338457.05,790635811693.6691,836519782382.788,883206506653.875,927949517271.335
105,Isle of Man,4109332802.38461,4415768422.34478,4850662591.66821,4953843516.88238,5420291954.71889,5681266119.97835,6036319157.98014,6307561781.47327,,
106,India,1265894322131.09,1374865195244.5,1428360609657.8,1549482541544.7,1708458876829.92,1821872415623.62,1924235460945.25,2051981849791.69,2200616575310.97,2367206118959.06
107,Not classified,,,,,,,,,,
108,Ireland,224965327549.66898,237434595099.338,232300285298.013,219202343576.159,220076114437.08603,225771869801.325,226113050728.477,229356195761.589,241281270463.57602,260128705960.265
109,Iran,389552313541.27,425064554419.08704,428990857822.095,438920754763.986,467790215915.476,485330901134.448,453256899727.83203,444592553889.771,463902735245.89,
110,Iraq,114771608149.415,116352699697.206,125926324446.49301,130181751588.159,138516722649.573,148969847232.097,169730925971.545,180885914501.784,177054265948.267,180772405533.18103
111,Iceland,12963368582.5961,14193969535.7889,14403867348.1575,13729597602.4568,13236887873.0516,13500053195.3882,13659749592.2017,14191929403.0356,14451167765.0362,15023018132.9136
112,Israel,200478776258.219,212778307552.702,219288062091.01,222070086195.673,234321743781.76,246108571729.90198,253141727649.947,261630083834.698,268431627288.425,275110410785.986
113,Italy,2202169663576.16,2234626814701.99,2211154176556.29,2089937511523.18,2125184794172.19,2137439133774.83,2077184315761.59,2040871178145.7,2033867707549.67,2049315603576.16
114,Jamaica,13912554966.1715,14111776358.6109,14009845722.2224,13389880550.9539,13190512703.1357,13417813082.7015,13336835828.6564,13409909753.6959,13502136504.2691,13623655732.8075
115,Jordan,21104612161.5294,22830065952.602997,24481229578.6302,25821963958.4769,26425379436.6197,27102082878.3823,27820614207.3543,28607718020.5301,29493507454.652,30196245313.054
116,Japan,5496541517363.31,5617035943770.73,5558526873313.82,5251308399909.32,5498717815809.77,5473738114222.05,5569101602926.18,5644658523313.42,5642884448582.19,5669563143140.97
117,Kazakhstan,121197091345.39099,131983632475.12401,136339092347.081,137975161454.46698,148047348240.643,158706757313.97,166007268150.412,175635689703.137,182836752980.965,185030794016.737
118,Kenya,33350571127.2017,35635328632.0885,35718103351.8622,36899279532.8919,39999659233.7555,42444283791.605,44377596638.6731,46904248572.9359,49405117161.2667,52196109596.1767
119,Kyrgyz Republic,3979134973.9144,4319067496.68377,4681938960.69465,4817073516.7967205,4794357795.07139,5079922899.938829,5075444938.11057,5629453576.20745,5855984970.11911,6059145532.21043
120,Cambodia,9014922853.47018,9935578323.299429,10600425244.3636,10609615490.7202,11242275198.9783,12037055707.6797,12911105171.3094,13876856309.7309,14858161721.6852,15903594933.674
121,Kiribati,137765076.83636102,148120111.468521,152199692.070366,151187531.661931,150431113.557145,154552937.75005502,158895896.234217,163619542.854754,169673465.94038,175009109.52341002
122,St. Kitts and Nevis,707878891.494331,727928704.859491,757982578.560369,715548226.860785,692457407.407407,704195363.3251519,695564060.1963919,736046665.849979,786856489.327785,823194292.5267769
123,South Korea,941019882149.125,992431619676.197,1020509638539.71,1027729932849.17,1094499338702.72,1134795571930.64,1160809426196.79,1194429021591.57,1234340240503.49,1266580410309.11
124,Kosovo,4958692405.24165,5319986848.90329,5460690853.41224,5643168877.5270605,5829933774.83444,6099252132.02091,6270547045.36458,6486283003.54946,6565320557.98225,6803277038.587729
125,Kuwait,117123372644.801,124141008374.04,127219511514.306,118217328332.17,115419050942.08,126532100488.486,134916608513.608,136466852756.455,134253314724.354,133716301465.45699
126,Latin America & Caribbean,3924920218223.52,4149096649579.0,4320544423477.85,4261618721841.62,4500356282030.4,4694262658368.9,4843758538097.18,4980644930768.55,5028926253697.47,4972082286731.36
127,Lao PDR,5305667183.68822,5708729636.36055,6155432179.38319,6617198846.38251,7181441139.89806,7758732250.6097,8381309299.80782,9091298196.8222,9774533813.97007,10458284497.762
128,Lebanon,26733728867.1572,29247791881.3601,31908778412.087997,35195673804.9209,38009950248.7562,38771892507.3694,39624874128.6105,39981498020.1,40705166186.7142,41319230908.0978
129,Liberia,985872107.763442,1079873956.95073,1157051893.00929,1218376789.68453,1292697100.0,1398698238.23309,1510516487.30938,1641989954.45724,1653502629.68398,1658424405.33853
130,Libya,65725799949.0192,69900911108.9382,71765417108.4958,71198368527.333,74773444900.5368,28357141373.22,57986607817.7471,50128037037.8092,38097308148.735,34211382717.564
131,St. Lucia,1234739279.96876,1242412120.8734698,1277116109.75525,1271322686.3220901,1249497000.0,1258266175.64234,1244975458.30242,1246700775.02543,1252386839.55531,1274434860.50665
132,Latin America & Caribbean,4686198072832.65,4951043779487.35,5143422555736.14,5079715995191.5,5371409239440.84,5617852993488.28,5783815964922.36,5947359876834.43,6005712877419.32,5949253110743.19
133,Least developed countries: UN classification,524673924193.40295,573881121152.146,616405655304.964,643868091980.847,678320686656.97,703712767747.74,733216921317.405,773931630291.011,816427072781.9641,852680108728.953
134,Low income,228873853670.316,243750946262.29898,256483839242.589,270963748763.51102,289211823374.79803,306224526424.11304,319094281579.072,337853612417.383,358219286655.459,375031695102.66705
135,Liechtenstein,,,,,5082338964.87305,,,,,
136,Sri Lanka,44825899741.2981,47872638202.9726,50721102373.424,52516077578.7272,56725745039.336,61493395362.8239,67116707719.9298,69395796204.8212,72781341623.5865,76264645401.5186
137,Lower middle income,3633146863611.6,3895562896471.63,4080416700807.0,4284426432092.9,4601540509108.32,4849873628068.1,5098203082659.83,5382492748134.27,5682391878693.79,5993615561341.78
138,Low & middle income,15959067366171.9,17333009519927.6,18322969434214.8,18782902860568.0,20188495930202.8,21389841895354.4,22476856222199.2,23580436917544.0,24604834350986.0,25483438593057.1
139,Lesotho,1771401813.40366,1855250499.9942,1961620803.1337101,2027490711.28353,2187482926.29624,2276044148.40001,2389701173.48869,2496306485.34194,2587149144.08071,
140,Late-demographic dividend,10433040517155.9,11433935872898.3,12180529524202.3,12490094899749.6,13440440525989.9,14329639738667.9,15091313294262.6,15859913824034.3,16567845863790.6,17123636815101.3
141,Lithuania,37617887784.8437,41788565845.257,42886801934.2872,36533481054.584,37132564255.4319,39377194356.1208,40887547827.239,42336907127.716,43620761128.7758,44315977742.4483
142,Luxembourg,48710198675.4967,52799735099.3377,52354569536.4238,49539470198.6755,52351655629.1391,53694834437.0861,53240000000.0,55554172185.4305,57814834437.0861,60618410596.0265
143,Latvia,27178155802.8617,29885235824.0594,28810072866.9846,24676136724.9603,23743309485.9565,25218125331.2136,26228170376.2586,27020688924.2183,27658162427.133,28180047694.7536
144,"Macao SAR, China",18725996392.0697,21431444070.7025,22158776481.721,22451519980.9567,28123640998.7253,34218765120.1229,37377058441.3317,41563521591.0347,41209357161.1151,32823775283.8127
145,St. Martin,,,,,,,,,,
146,Morocco,78544623310.6445,81318751799.0351,86135221236.4504,89790590993.4885,93216746661.5977,98106615021.8513,101059586129.684,105834986867.275,108393104418.44801,113162401012.86
147,Monaco,,,,,5350674803.33858,,,,,
148,Moldova,5197013778.53475,5356455226.33435,5772375747.40103,5426634692.6183605,5811604051.96737,6184380719.3893,6141090032.65411,6718156374.4536,7040627880.42737,7005424741.02524
149,Madagascar,7970138367.75655,8467521105.2625,9071129493.65326,8707027002.4923,8729936135.744879,8856903643.149158,9125049593.31503,9331595052.89601,9623316194.85465,9913610157.011759
150,Maldives,1862195903.6426,2063143271.34413,2320556626.80372,2192660574.26177,2323401757.8125,2525754691.5989,2588809904.8105397,2710478628.92842,2886133520.0070896,2929826239.24125
151,Middle East & North Africa,2304969103524.04,2446962501315.96,2570011626182.23,2610574689390.2,2742639888023.15,2843395801049.45,2962418185030.46,3026881130574.21,3102309678351.24,3192525736847.37
152,Mexico,1002728584323.31,1034857241688.87,1049348247989.9,1000025324482.99,1051128603513.77,1093642696896.43,1137587161961.8,1152891832129.47,1178835546873.81,1208858955424.02
153,Marshall Islands,158331648.42020902,164247808.222778,161144011.19603702,157337759.72746,163803078.278876,164053269.65571,168670109.611944,172620418.192728,170943750.207874,
154,Middle income,15730184320436.9,17088745124680.2,18065818834463.3,18511646708082.2,19898871139503.5,21083170233652.8,22157140797254.8,23242105422890.6,24246413198225.7,25108346925898.1
155,"Macedonia, FYR",8133817396.81345,8660358997.01112,9134228879.94995,9101472088.168959,9407168702.4313,9627286317.03306,9583368137.54723,9863707082.21495,10212964610.2751,10587298397.7196
156,Mali,7265077708.961121,7868285059.88562,8619380424.78345,9631854894.68572,10678749467.4697,11506340739.9658,12796848047.7655,13694480668.3443,14761106186.0189,15884582490.5535
157,Malta,7431983892.237221,7750015360.866091,8052265959.93993,7826802513.061629,8163355021.12327,8277641991.4189,8368696053.324559,8611388238.87086,,
158,Myanmar,,,,,,,,,,
159,Middle East & North Africa,1136486021227.2,1208381175444.72,1253878863004.74,1293261620428.19,1362935527742.17,1354147208045.01,1392891312484.94,1405315902077.37,1427212863491.65,
160,Montenegro,3618956913.23019,4004661770.24471,4281888387.15438,4039665494.0474896,4139192052.9801297,4272823841.0596104,4156440802.53725,4303952078.27945,4380722217.29257,4528558178.93351
161,Mongolia,5702204213.4547,6286567034.13562,6846094631.35334,6759245147.363811,7189482029.68248,8432599360.235471,9471480399.77148,10574805179.3285,11408652448.6758,11670531632.3175
162,Northern Mariana Islands,,,,,,,,,,
163,Mozambique,7794687813.46585,8373526084.517329,8949306941.23667,9517718742.50536,10154238250.1818,10876976985.2962,11659922000.9265,12492636703.2019,13421356920.5464,14262411896.5455
164,Mauritania,4025615596.03959,4139050872.61895,4183751263.06351,4140153156.6056,4337791530.8788395,4541844130.4873705,4805047548.2939205,5097687376.0487,5312107018.9680395,
165,Mauritius,8108433628.15455,8586060800.09435,9059246328.72715,9335461162.67676,9718233910.68203,10096261847.5491,10421558024.335,10753920076.2677,11143644878.0482,11533673588.4371
166,Malawi,5095550005.69307,5584722806.06858,6011380928.01556,6512015360.825911,6959655570.89098,7297481087.69745,7435096950.095921,7821721991.37864,8267560145.18226,8511453169.61565
167,Malaysia,216303028285.742,229927492999.286,241037060383.099,237388518363.292,255016919685.822,268516966253.76398,283214119400.205,296563285834.032,314335165005.743,329902207320.481
168,North America,16362705204222.5,16658236596472.2,16630398218671.3,16165854139519.1,16583522548731.1,16873658969020.5,17240578788101.6,17509505314584.1,17935381038511.9,18346579762375.2
169,Namibia,9693003646.96915,10334398853.639,10608240991.1714,10639638311.1204,11282192605.0374,11856607186.6558,12456727257.6528,13161100586.4209,13994228805.5322,14786830323.4907
170,New Caledonia,,,,,,,,,,
171,Niger,4701891392.26459,4849839714.846729,5314826497.8901205,5276949261.50372,5718589799.24366,5850769296.443911,6541959480.1299,6886614682.17048,7372107102.72376,7637893798.437191
172,Nigeria,281906487385.062,301156185312.51196,320039472272.419,342232340656.562,369062464570.387,387099974051.551,403665055423.226,425440429014.358,452284521417.451,464282244075.104
173,Nicaragua,8044437471.21697,8469808698.927859,8711343159.74096,8470978895.303309,8741313140.248829,9286036334.95014,9805177971.509241,10249669824.1836,10717588995.9234,11245854069.4099
174,Netherlands,812782985562.9141,842843545695.364,857163969801.3241,824869601192.053,836439735099.338,850354966887.417,841366396821.192,837198453509.9341,845663604900.662,862497257483.4441
175,Norway,419051198868.33704,431328418599.649,432986039757.123,425960697230.40295,428524701366.599,432676161725.29,444569428989.775,449009368104.96,458953860527.448,466288258065.584
176,Nepal,13310843466.2677,13764950914.3225,14605251495.758999,15267319043.3731,16002656434.4746,16550239851.6396,17341538638.0319,18057549555.5864,19029151145.391003,19669092589.6048
177,Nauru,,,,,,,,,,
178,New Zealand,143210844285.92,147313302204.92902,145384529110.823,144602895878.36902,146584522265.456,150530417783.542,154649838881.683,157091890834.414,162076158596.34,167575447470.817
179,OECD members,43390037287824.5,44517688531248.2,44610854029668.9,43032008571480.0,44291114644304.6,45066051693130.1,45616210133173.7,46134496334734.7,46945338366763.8,47868450531712.3
180,Oman,46657217165.1496,48734720416.1248,52730819245.7737,55953966189.8569,58641352405.7217,58001560468.1404,62108452535.7607,64538621586.4759,66406501950.5852,68730729518.8557
181,Other small states,238295839799.322,262280581844.974,281095310891.44604,286756343194.843,312830875909.53,336548229342.87604,348925759972.62103,359934618853.443,371335772237.979,380312655743.639
182,Pakistan,159256450281.251,166953023525.452,169793571392.451,174601545521.839,177406854514.885,182282709027.43,188675424552.08,196915350994.647,206245899264.385,217668004571.42398
183,Panama,21485835473.6385,24776589614.3176,26910261835.8537,27340384376.3363,28917200000.0,32331762130.0547,35315968352.9645,37655354233.1361,39934758615.4099,42241946752.9464
184,Peru,114425986577.53099,124173297816.526,135526646457.645,136948635918.184,148521818488.749,158104767028.24402,167512548247.184,177318828424.765,181546415984.512,187459200952.31302
185,Philippines,165098600285.16,176022627371.775,183332419607.649,185437681530.075,199590774784.58102,206895308421.487,220723798225.41,236296463062.332,250786972777.417,265346983938.67102
186,Palau,207409363.745498,207299039.615846,195715006.002401,177952821.128451,183800000.0,193067226.890756,199245378.15126002,194391116.446579,202665426.170468,221641176.470588
187,Papua New Guinea,7442067920.59232,7974306938.828041,8501485047.22317,9023602245.7777,9716103408.96554,10752746441.3137,11622379448.9223,12265958483.6511,13312723335.6805,
188,Poland,404191324246.346,433299903823.83295,450286903459.029,462148277120.024,479242529764.866,503245448214.11,511104666202.37103,517568633303.488,534558020760.78796,554067887109.079
189,Pre-demographic dividend,784112081091.27,840735958267.6759,897775744040.7041,942156647111.297,1001502333116.13,1046819352832.67,1102483739725.02,1163560284848.65,1215332818498.48,1253284000173.32
190,Puerto Rico,108982992694.78,105358543360.196,103463345089.92801,101020458064.233,98381268000.0,96521406497.4362,93845351393.9169,93303542111.6084,,
191,"Korea, Dem. Peopleâ€™s Rep.",,,,,,,,,,
192,Portugal,234727116953.642,240576522516.55603,241055924768.212,233877027947.02,238317631788.07898,233963919205.298,224539251920.53,222001608476.821,224012486225.16602,227270666754.96698
193,Paraguay,16448482863.7657,17340257505.5353,18442944771.8053,17711553669.7976,20030528042.9171,20900335112.0465,20641386542.412,23538668873.1864,24650243376.482002,25393385728.1926
194,Pacific island small states,6189289959.649489,6273188657.79689,6390597851.22814,6286422854.18118,6469972333.71451,6538484334.81155,6659805072.53417,6836458069.11631,7116203218.46795,7356703014.93703
195,Post-demographic dividend,41404061311261.7,42457043875764.9,42528385864293.6,40999762512398.1,42162464764779.2,42819164448405.5,43298068843907.7,43765380448803.5,44491041979284.4,45287691318528.2
196,French Polynesia,,,,,,,,,,
197,Qatar,67314817516.5064,79421829549.7029,93450549194.1847,104624021247.41699,125122306346.154,141857635553.776,148779678879.926,155596278134.853,162106073254.836,167913966575.413
198,Romania,157224128902.68698,168015611656.501,182228025398.3,169350284147.325,167998080493.40802,169772634910.766,170860819248.496,176894945407.192,182129349994.602,188934947507.48602
199,Russian Federation,1385792607182.58,1504071117741.3,1583004071092.11,1459199142720.26,1524917468442.01,1589942641764.29,1645875899596.27,1666934123163.16,1678708855070.86,1616148858033.77
200,Rwanda,4177231366.8911295,4495237886.405789,4997017017.70029,5310229469.081571,5698548987.88591,6145995347.00202,6686127023.36361,6999339474.74489,7489932447.061491,8007052596.38282
201,South Asia,1588120638658.04,1716563795953.54,1783226531901.76,1919371437402.81,2093718885212.0,2226077381383.37,2351842474525.48,2499225073633.94,2670482829680.94,2862660453430.12
202,Saudi Arabia,429701866666.66705,455450933333.33295,493832533333.33295,502865600000.0,526811466666.66705,579276266666.667,610467200000.0,626766133333.334,649572533333.334,672214400000.0
203,Sudan,51106401194.5342,56994834761.4621,61441550872.0498,63433392297.3437,65634109236.7736,64342607849.351,62917610059.7192,64993891101.6889,67008701896.0555,69313544095.4987
204,Senegal,11139348462.2287,11689463524.3961,12119930871.2423,12413618117.2848,12932428287.6047,13160183616.2284,13740703041.3116,14219596407.1345,14832610463.4065,15794534138.9893
205,Singapore,185842757609.094,202775870920.425,206400733406.67398,205155335533.553,236421782178.21802,251097543087.642,260313164649.798,272484048404.841,281367070040.337,287017968463.513
206,Solomon Islands,573756743.190212,615755744.042318,659440505.394746,628262999.367287,671585231.579861,758410960.574936,793757551.710719,817684474.941094,830010465.696136,857018886.6152719
207,Sierra Leone,2083567039.51163,2251467571.5559,2373039542.3628397,2483374322.3104897,2616610911.08235,2780636557.91627,3199014366.94802,3854410523.70372,4031360394.24972,3212944006.67315
208,El Salvador,20742429449.0965,21538890031.9524,21813344449.0965,21129922271.926003,21418300000.0,21893108501.5425,22304908121.4191,22716943729.6166,23040719705.8175,23606383710.8859
209,San Marino,,,,,,,,,,
210,Somalia,,,,,,,,,,
211,Serbia,36293152225.2341,38430368884.6748,40492805121.3899,39231060776.6224,39460357730.5224,40013381123.366,39607137113.7376,40625727367.812996,39881747972.7617,40171319329.1041
212,Sub-Saharan Africa,1106479570520.97,1184766206009.7,1247853340377.06,1283379982161.14,1354415555621.32,1412660849641.87,1464126751207.68,1533550438710.48,1604592833506.33,1652378568480.88
213,South Sudan,,,14192832075.0773,14908383840.9088,15727363443.0995,14997563965.1164,8086368185.54746,9148086587.35648,9456710871.199871,8856230729.30292
214,Sub-Saharan Africa,1107336626220.81,1185712923072.88,1248778910317.3,1284295285596.56,1355385369041.19,1413707191091.38,1465242340257.55,1534733556329.38,1605815155547.69,1653643700287.95
215,Small states,303497282809.78,329469198301.602,349233096436.201,352575012999.83295,378924271154.19104,403391853152.308,416605818789.779,428586464345.361,441030451882.685,451030382774.849
216,Sao Tome and Principe,160774423.93868998,166005388.496016,179594874.824499,186807083.313057,195176113.354139,204600360.061225,213989767.348994,222947538.253308,232932364.447896,
217,Suriname,3683884388.3194103,3872185689.6913204,4032626084.2276,4154157281.28651,4368398047.64333,4598490709.26871,4739716685.29764,4874217614.84901,4964045021.3708105,5038472542.21224
218,Slovak Republic,76749434437.0861,85064802649.0066,89873279470.1987,84938013245.0331,89254437086.0927,91790993377.4834,93189271523.1788,94520000000.0,96903708609.2715,100387417218.54301
219,Slovenia,46564635761.5894,49796953642.3841,51440397350.9934,47429403973.5099,48016423841.0596,48328211920.5298,47014569536.4238,46517218543.0464,47935231788.0795,49315364238.4106
220,Sweden,472609920221.991,488702046479.36206,485979743322.927,460783350676.37897,488379327089.83704,501391744710.37103,499956156781.13104,506161637183.49,517636212278.87604,538826361429.067
221,Swaziland,3233867672.3231,3347171143.5183,3426616862.22066,3469461572.46804,3527776867.1802397,3574596526.66026,3682817057.3388705,3791428651.35001,3884332771.2449,3948711209.0724797
222,Sint Maarten,,,,,,,,,,
223,Seychelles,856684174.3355019,945962968.234513,925654158.746992,915423405.095384,969936525.298729,1046438130.96225,1115610241.47237,1183102676.00985,1222346014.64363,1265101403.03841
224,Syrian Arab Republic,,,,,,,,,,
225,Turks and Caicos Islands,,,,,,,,,,
226,Chad,8462426024.33746,8739274256.08724,9006057341.2583,9385905421.141779,10657705072.2884,10666537090.9999,11614000362.3244,12275998541.2593,13123040604.7701,13359255272.8226
227,East Asia & Pacific& IBRD countries),5438922962437.97,6098466733169.7,6611224495542.73,7110325149188.8,7805155855037.57,8464018455153.76,9092820349213.49,9741747314856.31,10396639323702.6,11068289284086.1
228,Europe & Central Asia& IBRD countries),3212486461708.98,3454926873198.04,3602802319024.73,3420793994071.78,3592525864590.34,3779516605318.67,3877779217838.72,3970060921238.59,4039624889351.76,4037516960187.5
229,Togo,2818834121.81118,2883398217.58234,2947567674.9376802,3051036045.0310397,3172945644.5585,3327904819.97373,3488321264.1898303,3626730618.31805,3842067435.8639,4052430962.5759296
230,Thailand,297868050989.676,314057455297.115,319477044016.926,317118409570.784,340923571200.889,343765791175.471,368623355242.115,378583990657.959,381679418683.633,392441568833.617
231,Tajikistan,4387963070.00791,4730224257.26005,5103911870.99051,5297860572.73719,5642221528.67072,6059745886.97114,6514226778.13271,6996279596.837971,7464977903.896391,7778506975.860041
232,Turkmenistan,15301298963.195,16993515438.4036,19491562207.8489,20680547524.915,22583157894.7368,25902882088.9745,28778101990.8921,31713468423.1438,34979955661.3867,37253652747.7258
233,Latin America & the Caribbean& IBRD countries),4493341316944.76,4756701791945.69,4948055944243.6,4886633823759.99,5178356887723.4,5423951246799.73,5589852438934.78,5751558838346.75,5808023291182.45,5753131522473.86
234,Middle East & North Africa& IBRD countries),1128451373136.23,1200513312657.46,1246732583149.05,1284550506567.6,1354032873833.12,1344511572240.81,1381806624192.69,1394727701556.19,1416757885616.74,
235,Timor-Leste,594000000.0,662000000.0,756000000.0,854000000.0,934000000.0,1023000000.0,1088000000.0,1118000000.0,1179490000.0,1229630119.9
236,Tonga,359164570.836352,342746751.947984,351165464.377809,355026788.35761803,369816107.03042996,377283155.687716,379346733.269183,369197152.386492,377112574.911783,
237,South Asia& IBRD),1588120638658.04,1716563795953.54,1783226531901.76,1919371437402.81,2093718885212.0,2226077381383.37,2351842474525.48,2499225073633.94,2670482829680.94,2862660453430.12
238,Sub-Saharan Africa& IBRD countries),1107336626220.81,1185712923072.87,1248778910317.3,1284295285596.56,1355385369041.19,1413707191091.38,1465242340257.55,1534733556329.38,1605815155547.69,1653643700287.95
239,Trinidad and Tobago,20335160406.3737,21301932566.5145,22024157839.7115,21057166821.9862,21037612736.256,21039082255.426003,21326491762.7778,21697521651.2887,21874677599.1698,22094796727.1996
240,Tunisia,37129671719.9944,39620931745.1446,41299978412.7428,42556922174.0953,44050929160.2627,43000790834.1484,44591820106.1897,45617431954.7296,46666632876.9037,47039965977.3648
241,Turkey,668003383265.643,699189648233.048,703796182604.0409,669831853657.749,731168051636.9441,795311569806.302,812231510969.4491,846284392987.2571,871843182074.5441,906584905343.2991
242,Tuvalu,29809991.9476302,31703094.825509496,34234035.600248404,32716491.6760401,31823518.6204366,34513663.7342317,34573875.631695196,35022709.402957395,35718922.224137604,
243,Tanzania,24472803075.3726,26544274428.1676,28021886853.3599,29530121806.7351,31407908612.0943,33890549126.6532,35632866873.3754,38220903384.9305,40883040124.8116,43731717880.881004
244,Uganda,15181735924.6795,16458888219.6217,17892251960.4005,19189627258.1227,20181796802.8574,22134027408.4432,23110416877.5875,23866297743.8529,25015525160.89,26277053336.8578
245,Ukraine,139210317102.882,150207933221.569,153662715664.167,130920633730.864,136419300367.96199,143513103999.742,143800130204.453,143800130204.453,134309317355.14099,121012717783.735
246,Upper middle income,12099260852724.3,13194240702427.0,13985520427456.4,14230070736744.2,15300290299104.3,16235757946334.9,17061558204473.4,17863276755524.1,18569716090277.8,19121413205743.7
247,Uruguay,31393627859.3399,33447245428.7481,35847468145.846,37368653375.8239,40284682481.3918,42364231378.5018,43863153599.0444,45897324291.4658,47383842804.743,47849274693.9179
248,United States,14792303791800.0,15055395304800.0,15011490541400.0,14594842181900.0,14964372000000.0,15204019634600.0,15542161722300.0,15773666098800.0,16156618476000.0,16548573278300.0
249,Uzbekistan,27989254700.1232,30766111719.3792,33535061774.1231,36251401777.8272,39332770928.9426,42597390916.0448,46090376971.1605,49777607128.8532,53809593306.2903,58114360770.7935
250,St. Vincent and the Grenadines,685734433.682685,674645906.852818,720062856.111691,704948295.6583849,681225962.962963,678339989.490253,687704433.671779,699189156.0415,703780126.957816,713998341.700523
251,"Venezuela, RB",360699936058.748,392274089221.545,412977743416.86,399752946164.58,393801459277.33203,410248283287.645,433328675196.43896,439148686789.604,422046539728.296,397989886963.78296
252,British Virgin Islands,,,,,,,,,,
253,Virgin Islands.S.),,,,,,,,,,
254,Vietnam,91307613440.4708,97817393834.909,103355590875.494,108934619775.67401,115931749904.839,123166242080.97,129629227015.26599,136657572026.57,144834689171.92,154508616328.239
255,Vanuatu,596169290.9481009,627025086.554647,667458933.182145,689570618.189538,700804286.224354,709376703.207254,721824490.38557,736038269.045342,752999145.565157,
256,West Bank and Gaza,8016674874.6105,7878226610.54084,7201473089.0575,8709518288.95718,8913100000.0,9611505397.28879,11008637191.3135,10537465239.0822,10422460476.8191,11714141323.7581
257,World,60235361859769.1,62828650423716.9,63986917733533.1,62912714345841.2,65647819210535.0,67702441302501.0,69378856864703.1,71042320608545.2,72910724814186.9,74709014465855.2
258,Samoa,639388125.795134,679814346.46665,686674262.333586,653657094.674312,656789149.595525,694742001.544426,697535584.278565,684046231.307783,692228432.085514,703544816.540352
259,"Yemen, Rep.",26725653162.6877,27617869836.7121,28726558529.0235,29914355173.5792,30906753495.1501,26243421035.8246,26891601653.7471,28009137429.7462,,
260,South Africa,340285160027.947,358526057738.423,369966781589.995,364276362720.086,375349442837.24,387407362601.25,396007124238.28204,404768205399.94,411036853168.56104,416311671520.861
261,"Congo, Dem. Rep.",16508944144.7183,17542316525.5473,18634483660.3004,19166509369.447,20523285374.187,21932132984.3665,23502004276.8069,25500497989.9719,27787759925.4418,29709613590.1836
262,Zambia,14405693544.0162,15608919909.9456,16822341081.0698,18373419545.1419,20265552104.3964,21403581063.2962,23024380970.4175,24205950559.4005,25422273004.6687,26241270767.7555
263,Zimbabwe,10062755569.0217,9695130198.50778,7982102821.16384,8459783044.33081,9422161300.0,10543908035.0329,11657893456.879,12180644491.5009,12649391052.8218,12785173627.385
